week,site,topic_type,target_keyword,suggested_url,brief
1,"K1 Compare Lab","guide","k1 game alternative android setup","/guides/k1-game-alternative-android-setup/","Write a unique compare article with original screenshots, local examples, FAQ, and internal links. Do not reuse the same article structure across domains."
2,"K1 Compare Lab","guide","apps like k1 game new user guide","/guides/apps-like-k1-game-new-user-guide/","Write a unique compare article with original screenshots, local examples, FAQ, and internal links. Do not reuse the same article structure across domains."
3,"K1 Compare Lab","comparison","k1 game feature matrix Pakistan mobile users","/guides/k1-game-feature-matrix-pakistan-mobile-users/","Write a unique compare article with original screenshots, local examples, FAQ, and internal links. Do not reuse the same article structure across domains."
4,"K1 Compare Lab","faq","k1 game payment comparison common mistake","/guides/k1-game-payment-comparison-common-mistake/","Write a unique compare article with original screenshots, local examples, FAQ, and internal links. Do not reuse the same article structure across domains."
5,"K1 Compare Lab","refresh","k1 game download risk safe checklist","/guides/k1-game-download-risk-safe-checklist/","Write a unique compare article with original screenshots, local examples, FAQ, and internal links. Do not reuse the same article structure across domains."
6,"K1 Compare Lab","comparison","k1 game support comparison step by step","/guides/k1-game-support-comparison-step-by-step/","Write a unique compare article with original screenshots, local examples, FAQ, and internal links. Do not reuse the same article structure across domains."
7,"K1 Compare Lab","guide","k1 game wallet gameplay FAQ update","/guides/k1-game-wallet-gameplay-faq-update/","Write a unique compare article with original screenshots, local examples, FAQ, and internal links. Do not reuse the same article structure across domains."
8,"K1 Compare Lab","faq","earning apps like k1 game pakistan weekly review","/guides/earning-apps-like-k1-game-pakistan-weekly-review/","Write a unique compare article with original screenshots, local examples, FAQ, and internal links. Do not reuse the same article structure across domains."
9,"K1 Compare Lab","comparison","k1 game decision checklist comparison notes","/guides/k1-game-decision-checklist-comparison-notes/","Write a unique compare article with original screenshots, local examples, FAQ, and internal links. Do not reuse the same article structure across domains."
10,"K1 Compare Lab","refresh","k1 game alternatives faq support evidence","/guides/k1-game-alternatives-faq-support-evidence/","Write a unique compare article with original screenshots, local examples, FAQ, and internal links. Do not reuse the same article structure across domains."
11,"K1 Compare Lab","guide","k1 game safe alternative device compatibility","/guides/k1-game-safe-alternative-device-compatibility/","Write a unique compare article with original screenshots, local examples, FAQ, and internal links. Do not reuse the same article structure across domains."
12,"K1 Compare Lab","faq","k1 game comparison notes error fix","/guides/k1-game-comparison-notes-error-fix/","Write a unique compare article with original screenshots, local examples, FAQ, and internal links. Do not reuse the same article structure across domains."
13,"K1 Compare Lab","guide","k1 game alternative June update","/guides/k1-game-alternative-june-update/","Write a unique compare article with original screenshots, local examples, FAQ, and internal links. Do not reuse the same article structure across domains."
14,"K1 Compare Lab","guide","apps like k1 game July update","/guides/apps-like-k1-game-july-update/","Write a unique compare article with original screenshots, local examples, FAQ, and internal links. Do not reuse the same article structure across domains."
15,"K1 Compare Lab","refresh","k1 game feature matrix 2026 refresh","/guides/k1-game-feature-matrix-2026-refresh/","Write a unique compare article with original screenshots, local examples, FAQ, and internal links. Do not reuse the same article structure across domains."
16,"K1 Compare Lab","faq","k1 game payment comparison android setup","/guides/k1-game-payment-comparison-android-setup/","Write a unique compare article with original screenshots, local examples, FAQ, and internal links. Do not reuse the same article structure across domains."
17,"K1 Compare Lab","guide","k1 game download risk new user guide","/guides/k1-game-download-risk-new-user-guide/","Write a unique compare article with original screenshots, local examples, FAQ, and internal links. Do not reuse the same article structure across domains."
18,"K1 Compare Lab","comparison","k1 game support comparison Pakistan mobile users","/guides/k1-game-support-comparison-pakistan-mobile-users/","Write a unique compare article with original screenshots, local examples, FAQ, and internal links. Do not reuse the same article structure across domains."
19,"K1 Compare Lab","guide","k1 game wallet gameplay common mistake","/guides/k1-game-wallet-gameplay-common-mistake/","Write a unique compare article with original screenshots, local examples, FAQ, and internal links. Do not reuse the same article structure across domains."
20,"K1 Compare Lab","refresh","earning apps like k1 game pakistan safe checklist","/guides/earning-apps-like-k1-game-pakistan-safe-checklist/","Write a unique compare article with original screenshots, local examples, FAQ, and internal links. Do not reuse the same article structure across domains."
21,"K1 Compare Lab","comparison","k1 game decision checklist step by step","/guides/k1-game-decision-checklist-step-by-step/","Write a unique compare article with original screenshots, local examples, FAQ, and internal links. Do not reuse the same article structure across domains."
22,"K1 Compare Lab","guide","k1 game alternatives faq FAQ update","/guides/k1-game-alternatives-faq-faq-update/","Write a unique compare article with original screenshots, local examples, FAQ, and internal links. Do not reuse the same article structure across domains."
23,"K1 Compare Lab","guide","k1 game safe alternative weekly review","/guides/k1-game-safe-alternative-weekly-review/","Write a unique compare article with original screenshots, local examples, FAQ, and internal links. Do not reuse the same article structure across domains."
24,"K1 Compare Lab","faq","k1 game comparison notes comparison notes","/guides/k1-game-comparison-notes-comparison-notes/","Write a unique compare article with original screenshots, local examples, FAQ, and internal links. Do not reuse the same article structure across domains."
25,"K1 Compare Lab","refresh","k1 game alternative support evidence","/guides/k1-game-alternative-support-evidence/","Write a unique compare article with original screenshots, local examples, FAQ, and internal links. Do not reuse the same article structure across domains."
26,"K1 Compare Lab","guide","apps like k1 game device compatibility","/guides/apps-like-k1-game-device-compatibility/","Write a unique compare article with original screenshots, local examples, FAQ, and internal links. Do not reuse the same article structure across domains."
27,"K1 Compare Lab","comparison","k1 game feature matrix error fix","/guides/k1-game-feature-matrix-error-fix/","Write a unique compare article with original screenshots, local examples, FAQ, and internal links. Do not reuse the same article structure across domains."
28,"K1 Compare Lab","faq","k1 game payment comparison June update","/guides/k1-game-payment-comparison-june-update/","Write a unique compare article with original screenshots, local examples, FAQ, and internal links. Do not reuse the same article structure across domains."
29,"K1 Compare Lab","guide","k1 game download risk July update","/guides/k1-game-download-risk-july-update/","Write a unique compare article with original screenshots, local examples, FAQ, and internal links. Do not reuse the same article structure across domains."
30,"K1 Compare Lab","refresh","k1 game support comparison 2026 refresh","/guides/k1-game-support-comparison-2026-refresh/","Write a unique compare article with original screenshots, local examples, FAQ, and internal links. Do not reuse the same article structure across domains."
31,"K1 Compare Lab","guide","k1 game wallet gameplay android setup","/guides/k1-game-wallet-gameplay-android-setup/","Write a unique compare article with original screenshots, local examples, FAQ, and internal links. Do not reuse the same article structure across domains."
32,"K1 Compare Lab","faq","earning apps like k1 game pakistan new user guide","/guides/earning-apps-like-k1-game-pakistan-new-user-guide/","Write a unique compare article with original screenshots, local examples, FAQ, and internal links. Do not reuse the same article structure across domains."
33,"K1 Compare Lab","comparison","k1 game decision checklist Pakistan mobile users","/guides/k1-game-decision-checklist-pakistan-mobile-users/","Write a unique compare article with original screenshots, local examples, FAQ, and internal links. Do not reuse the same article structure across domains."
34,"K1 Compare Lab","guide","k1 game alternatives faq common mistake","/guides/k1-game-alternatives-faq-common-mistake/","Write a unique compare article with original screenshots, local examples, FAQ, and internal links. Do not reuse the same article structure across domains."
35,"K1 Compare Lab","refresh","k1 game safe alternative safe checklist","/guides/k1-game-safe-alternative-safe-checklist/","Write a unique compare article with original screenshots, local examples, FAQ, and internal links. Do not reuse the same article structure across domains."
36,"K1 Compare Lab","faq","k1 game comparison notes step by step","/guides/k1-game-comparison-notes-step-by-step/","Write a unique compare article with original screenshots, local examples, FAQ, and internal links. Do not reuse the same article structure across domains."
37,"K1 Compare Lab","guide","k1 game alternative FAQ update","/guides/k1-game-alternative-faq-update/","Write a unique compare article with original screenshots, local examples, FAQ, and internal links. Do not reuse the same article structure across domains."
38,"K1 Compare Lab","guide","apps like k1 game weekly review","/guides/apps-like-k1-game-weekly-review/","Write a unique compare article with original screenshots, local examples, FAQ, and internal links. Do not reuse the same article structure across domains."
39,"K1 Compare Lab","comparison","k1 game feature matrix comparison notes","/guides/k1-game-feature-matrix-comparison-notes/","Write a unique compare article with original screenshots, local examples, FAQ, and internal links. Do not reuse the same article structure across domains."
40,"K1 Compare Lab","refresh","k1 game payment comparison support evidence","/guides/k1-game-payment-comparison-support-evidence/","Write a unique compare article with original screenshots, local examples, FAQ, and internal links. Do not reuse the same article structure across domains."
41,"K1 Compare Lab","guide","k1 game download risk device compatibility","/guides/k1-game-download-risk-device-compatibility/","Write a unique compare article with original screenshots, local examples, FAQ, and internal links. Do not reuse the same article structure across domains."
42,"K1 Compare Lab","comparison","k1 game support comparison error fix","/guides/k1-game-support-comparison-error-fix/","Write a unique compare article with original screenshots, local examples, FAQ, and internal links. Do not reuse the same article structure across domains."
43,"K1 Compare Lab","guide","k1 game wallet gameplay June update","/guides/k1-game-wallet-gameplay-june-update/","Write a unique compare article with original screenshots, local examples, FAQ, and internal links. Do not reuse the same article structure across domains."
44,"K1 Compare Lab","faq","earning apps like k1 game pakistan July update","/guides/earning-apps-like-k1-game-pakistan-july-update/","Write a unique compare article with original screenshots, local examples, FAQ, and internal links. Do not reuse the same article structure across domains."
45,"K1 Compare Lab","refresh","k1 game decision checklist 2026 refresh","/guides/k1-game-decision-checklist-2026-refresh/","Write a unique compare article with original screenshots, local examples, FAQ, and internal links. Do not reuse the same article structure across domains."
46,"K1 Compare Lab","guide","k1 game alternatives faq android setup","/guides/k1-game-alternatives-faq-android-setup/","Write a unique compare article with original screenshots, local examples, FAQ, and internal links. Do not reuse the same article structure across domains."
47,"K1 Compare Lab","guide","k1 game safe alternative new user guide","/guides/k1-game-safe-alternative-new-user-guide/","Write a unique compare article with original screenshots, local examples, FAQ, and internal links. Do not reuse the same article structure across domains."
48,"K1 Compare Lab","faq","k1 game comparison notes Pakistan mobile users","/guides/k1-game-comparison-notes-pakistan-mobile-users/","Write a unique compare article with original screenshots, local examples, FAQ, and internal links. Do not reuse the same article structure across domains."
49,"K1 Compare Lab","guide","k1 game alternative common mistake","/guides/k1-game-alternative-common-mistake/","Write a unique compare article with original screenshots, local examples, FAQ, and internal links. Do not reuse the same article structure across domains."
50,"K1 Compare Lab","refresh","apps like k1 game safe checklist","/guides/apps-like-k1-game-safe-checklist/","Write a unique compare article with original screenshots, local examples, FAQ, and internal links. Do not reuse the same article structure across domains."
51,"K1 Compare Lab","comparison","k1 game feature matrix step by step","/guides/k1-game-feature-matrix-step-by-step/","Write a unique compare article with original screenshots, local examples, FAQ, and internal links. Do not reuse the same article structure across domains."
52,"K1 Compare Lab","faq","k1 game payment comparison FAQ update","/guides/k1-game-payment-comparison-faq-update/","Write a unique compare article with original screenshots, local examples, FAQ, and internal links. Do not reuse the same article structure across domains."
