week,site,content_type,target_keyword,url,action
1,"K1 Compare Lab","comparison","k1 game alternative","/guides/k1-game-alternatives/","Publish or improve: K1 Game Alternatives: Decision Criteria"
1,"K1 Compare Lab","comparison","apps like k1 game","/guides/apps-like-k1-game/","Publish or improve: Apps Like K1 Game: Feature Checklist"
1,"K1 Compare Lab","comparison","k1 game feature matrix","/guides/feature-matrix/","Publish or improve: K1 Game Feature Matrix"
2,"K1 Compare Lab","comparison","k1 game payment comparison","/guides/payment-comparison/","Publish or improve: K1 Game Payment Comparison"
2,"K1 Compare Lab","risk","k1 game download risk","/guides/download-risk-comparison/","Publish or improve: K1 Game Download Risk Comparison"
2,"K1 Compare Lab","comparison","k1 game support comparison","/guides/support-comparison/","Publish or improve: K1 Game Support Comparison Criteria"
3,"K1 Compare Lab","decision","k1 game wallet gameplay","/guides/wallet-vs-gameplay/","Publish or improve: K1 Game Wallet vs Gameplay Decision Guide"
3,"K1 Compare Lab","comparison","earning apps like k1 game pakistan","/guides/earning-apps-pakistan/","Publish or improve: Earning Apps Like K1 Game in Pakistan"
3,"K1 Compare Lab","decision","k1 game decision checklist","/guides/decision-checklist/","Publish or improve: K1 Game Decision Checklist"
4,"K1 Compare Lab","faq","k1 game alternatives faq","/guides/alternative-faq/","Publish or improve: K1 Game Alternatives FAQ"
4,"K1 Compare Lab","safety","k1 game safe alternative","/guides/safe-choice-framework/","Publish or improve: Safe Choice Framework for K1 Game Alternatives"
4,"K1 Compare Lab","freshness","k1 game comparison notes","/guides/weekly-comparison-notes/","Publish or improve: Weekly K1 Game Comparison Notes"
5,"K1 Compare Lab","refresh","k1 game alternative","/","Review GSC impressions, rewrite title, add FAQ, update internal links"
6,"K1 Compare Lab","refresh","k1 game alternative","/","Review GSC impressions, rewrite title, add FAQ, update internal links"
7,"K1 Compare Lab","refresh","k1 game alternative","/","Review GSC impressions, rewrite title, add FAQ, update internal links"
8,"K1 Compare Lab","refresh","k1 game alternative","/","Review GSC impressions, rewrite title, add FAQ, update internal links"
9,"K1 Compare Lab","comparison","k1 game h5 alternatives","/guides/h5-alternatives-pakistan/","Publish or improve: K1 Game H5 Alternatives for Pakistan Users"
