source,target,anchor,reason
/guides/k1-game-alternatives/,/alternatives/,"Alternatives","route article to closest hub"
/alternatives/,/guides/k1-game-alternatives/,"K1 Game Alternatives: Decision Criteria","supporting long-tail guide"
/guides/apps-like-k1-game/,/feature-matrix/,"Feature Matrix","route article to closest hub"
/feature-matrix/,/guides/apps-like-k1-game/,"Apps Like K1 Game: Feature Checklist","supporting long-tail guide"
/guides/feature-matrix/,/payment-compare/,"Payment Compare","route article to closest hub"
/payment-compare/,/guides/feature-matrix/,"K1 Game Feature Matrix","supporting long-tail guide"
/guides/payment-comparison/,/decision-guide/,"Decision Guide","route article to closest hub"
/decision-guide/,/guides/payment-comparison/,"K1 Game Payment Comparison","supporting long-tail guide"
/guides/download-risk-comparison/,/alternatives/,"Alternatives","route article to closest hub"
/alternatives/,/guides/download-risk-comparison/,"K1 Game Download Risk Comparison","supporting long-tail guide"
/guides/support-comparison/,/feature-matrix/,"Feature Matrix","route article to closest hub"
/feature-matrix/,/guides/support-comparison/,"K1 Game Support Comparison Criteria","supporting long-tail guide"
/guides/wallet-vs-gameplay/,/payment-compare/,"Payment Compare","route article to closest hub"
/payment-compare/,/guides/wallet-vs-gameplay/,"K1 Game Wallet vs Gameplay Decision Guide","supporting long-tail guide"
/guides/earning-apps-pakistan/,/decision-guide/,"Decision Guide","route article to closest hub"
/decision-guide/,/guides/earning-apps-pakistan/,"Earning Apps Like K1 Game in Pakistan","supporting long-tail guide"
/guides/decision-checklist/,/alternatives/,"Alternatives","route article to closest hub"
/alternatives/,/guides/decision-checklist/,"K1 Game Decision Checklist","supporting long-tail guide"
/guides/alternative-faq/,/feature-matrix/,"Feature Matrix","route article to closest hub"
/feature-matrix/,/guides/alternative-faq/,"K1 Game Alternatives FAQ","supporting long-tail guide"
/guides/safe-choice-framework/,/payment-compare/,"Payment Compare","route article to closest hub"
/payment-compare/,/guides/safe-choice-framework/,"Safe Choice Framework for K1 Game Alternatives","supporting long-tail guide"
/guides/weekly-comparison-notes/,/decision-guide/,"Decision Guide","route article to closest hub"
/decision-guide/,/guides/weekly-comparison-notes/,"Weekly K1 Game Comparison Notes","supporting long-tail guide"
